use AutosNARLA;
--1 INGRESAMOS EN LA TABLA CATEGORIA VEHICULO

insert into CategoriaVehiculo (CategoriaID, Nombre, Descripcion) values (1, 'Sedan', 'Vehículo de turismo con cuatro puertas');
insert into CategoriaVehiculo (CategoriaID, Nombre, Descripcion) values (2, 'Hatchback', 'baúl separado y capacidad para 4 a 5 pasajeros');
insert into CategoriaVehiculo (CategoriaID, Nombre, Descripcion) values (3, 'Camionetas cerradas', 'Auto compacto con puerta trasera que da acceso directo al maletero y asientos abatibles');
insert into CategoriaVehiculo (CategoriaID, Nombre, Descripcion) values (4, 'Minivan', 'Vehículos tipo SUV o panel con cabina cerrada y espacio de carga protegido');
insert into CategoriaVehiculo (CategoriaID, Nombre, Descripcion) values (5, 'Camiones extracab', 'Vehículo amplio de varias filas de asientos');
insert into CategoriaVehiculo (CategoriaID, Nombre, Descripcion) values (6, 'Camionetas doble cabina', 'ideal para familias o transporte de pasajeros');
insert into CategoriaVehiculo (CategoriaID, Nombre, Descripcion) values (7, 'Camionetas sencillas', 'Pickups con cabina extendida y asientos traseros pequeños detrás de los delanteros');
insert into CategoriaVehiculo (CategoriaID, Nombre, Descripcion) values (8, 'Camionetas doble traccion', 'Pickups con dos filas completas de asientos y capacidad para 5 pasajeros');
insert into CategoriaVehiculo (CategoriaID, Nombre, Descripcion) values (9, 'Microbuses', 'Pickups con solo una fila de asientos y una amplia caja de carga trasera');
insert into CategoriaVehiculo (CategoriaID, Nombre, Descripcion) values (10, 'Motos', 'Vehículos todoterreno con tracción en las cuatro ruedas');
insert into CategoriaVehiculo (CategoriaID, Nombre, Descripcion) values (11, 'Camiones de 5 Ton', 'útiles en caminos difíciles');
insert into CategoriaVehiculo (CategoriaID, Nombre, Descripcion) values (12, 'Sedan', 'Vehículos medianos para transporte de entre 10 y 20 pasajeros');
insert into CategoriaVehiculo (CategoriaID, Nombre, Descripcion) values (13, 'Hatchback', 'Vehículos de dos ruedas');
insert into CategoriaVehiculo (CategoriaID, Nombre, Descripcion) values (14, 'Camionetas cerradas', 'ligeros y ágiles para transporte personal');
insert into CategoriaVehiculo (CategoriaID, Nombre, Descripcion) values (15, 'Minivan', 'Vehículos de carga diseñados para transportar mercancías de hasta 5 toneladas');
insert into CategoriaVehiculo (CategoriaID, Nombre, Descripcion) values (16, 'Camiones extracab', 'Vehículo de turismo con cuatro puertas');
insert into CategoriaVehiculo (CategoriaID, Nombre, Descripcion) values (17, 'Camionetas doble cabina', 'baúl separado y capacidad para 4 a 5 pasajeros');
insert into CategoriaVehiculo (CategoriaID, Nombre, Descripcion) values (18, 'Camionetas sencillas', 'Auto compacto con puerta trasera que da acceso directo al maletero y asientos abatibles');
insert into CategoriaVehiculo (CategoriaID, Nombre, Descripcion) values (19, 'Camionetas doble traccion', 'Vehículos tipo SUV o panel con cabina cerrada y espacio de carga protegido');
insert into CategoriaVehiculo (CategoriaID, Nombre, Descripcion) values (20, 'Microbuses', 'Vehículo amplio de varias filas de asientos');
insert into CategoriaVehiculo (CategoriaID, Nombre, Descripcion) values (21, 'Motos', 'ideal para familias o transporte de pasajeros');
insert into CategoriaVehiculo (CategoriaID, Nombre, Descripcion) values (22, 'Camiones de 5 Ton', 'Pickups con cabina extendida y asientos traseros pequeños detrás de los delanteros');
insert into CategoriaVehiculo (CategoriaID, Nombre, Descripcion) values (23, 'Sedan', 'Pickups con dos filas completas de asientos y capacidad para 5 pasajeros');
insert into CategoriaVehiculo (CategoriaID, Nombre, Descripcion) values (24, 'Hatchback', 'Pickups con solo una fila de asientos y una amplia caja de carga trasera');
insert into CategoriaVehiculo (CategoriaID, Nombre, Descripcion) values (25, 'Camionetas cerradas', 'Vehículos todoterreno con tracción en las cuatro ruedas');
insert into CategoriaVehiculo (CategoriaID, Nombre, Descripcion) values (26, 'Minivan', 'útiles en caminos difíciles');
insert into CategoriaVehiculo (CategoriaID, Nombre, Descripcion) values (27, 'Camiones extracab', 'Vehículos medianos para transporte de entre 10 y 20 pasajeros');
insert into CategoriaVehiculo (CategoriaID, Nombre, Descripcion) values (28, 'Camionetas doble cabina', 'Vehículos de dos ruedas');
insert into CategoriaVehiculo (CategoriaID, Nombre, Descripcion) values (29, 'Camionetas sencillas', 'ligeros y ágiles para transporte personal');
insert into CategoriaVehiculo (CategoriaID, Nombre, Descripcion) values (30, 'Camionetas doble traccion', 'Vehículos de carga diseñados para transportar mercancías de hasta 5 toneladas');
insert into CategoriaVehiculo (CategoriaID, Nombre, Descripcion) values (31, 'Microbuses', 'Vehículo de turismo con cuatro puertas');
insert into CategoriaVehiculo (CategoriaID, Nombre, Descripcion) values (32, 'Motos', 'baúl separado y capacidad para 4 a 5 pasajeros');
insert into CategoriaVehiculo (CategoriaID, Nombre, Descripcion) values (33, 'Camiones de 5 Ton', 'Auto compacto con puerta trasera que da acceso directo al maletero y asientos abatibles');
insert into CategoriaVehiculo (CategoriaID, Nombre, Descripcion) values (34, 'Sedan', 'Vehículos tipo SUV o panel con cabina cerrada y espacio de carga protegido');
insert into CategoriaVehiculo (CategoriaID, Nombre, Descripcion) values (35, 'Hatchback', 'Vehículo amplio de varias filas de asientos');
insert into CategoriaVehiculo (CategoriaID, Nombre, Descripcion) values (36, 'Camionetas cerradas', 'ideal para familias o transporte de pasajeros');
insert into CategoriaVehiculo (CategoriaID, Nombre, Descripcion) values (37, 'Minivan', 'Pickups con cabina extendida y asientos traseros pequeños detrás de los delanteros');
insert into CategoriaVehiculo (CategoriaID, Nombre, Descripcion) values (38, 'Camiones extracab', 'Pickups con dos filas completas de asientos y capacidad para 5 pasajeros');
insert into CategoriaVehiculo (CategoriaID, Nombre, Descripcion) values (39, 'Camionetas doble cabina', 'Pickups con solo una fila de asientos y una amplia caja de carga trasera');
insert into CategoriaVehiculo (CategoriaID, Nombre, Descripcion) values (40, 'Camionetas sencillas', 'Vehículos todoterreno con tracción en las cuatro ruedas');
insert into CategoriaVehiculo (CategoriaID, Nombre, Descripcion) values (41, 'Camionetas doble traccion', 'útiles en caminos difíciles');
insert into CategoriaVehiculo (CategoriaID, Nombre, Descripcion) values (42, 'Microbuses', 'Vehículos medianos para transporte de entre 10 y 20 pasajeros');
insert into CategoriaVehiculo (CategoriaID, Nombre, Descripcion) values (43, 'Motos', 'Vehículos de dos ruedas');
insert into CategoriaVehiculo (CategoriaID, Nombre, Descripcion) values (44, 'Camiones de 5 Ton', 'ligeros y ágiles para transporte personal');
insert into CategoriaVehiculo (CategoriaID, Nombre, Descripcion) values (45, 'Sedan', 'Vehículos de carga diseñados para transportar mercancías de hasta 5 toneladas');
insert into CategoriaVehiculo (CategoriaID, Nombre, Descripcion) values (46, 'Hatchback', 'Vehículo de turismo con cuatro puertas');
insert into CategoriaVehiculo (CategoriaID, Nombre, Descripcion) values (47, 'Camionetas cerradas', 'baúl separado y capacidad para 4 a 5 pasajeros');
insert into CategoriaVehiculo (CategoriaID, Nombre, Descripcion) values (48, 'Minivan', 'Auto compacto con puerta trasera que da acceso directo al maletero y asientos abatibles');
insert into CategoriaVehiculo (CategoriaID, Nombre, Descripcion) values (49, 'Camiones extracab', 'Vehículos tipo SUV o panel con cabina cerrada y espacio de carga protegido');
insert into CategoriaVehiculo (CategoriaID, Nombre, Descripcion) values (50, 'Camionetas doble cabina', 'Vehículo amplio de varias filas de asientos');

--2 INSERTAMOS DATOS EN LA TABLA PROVEEDOR

insert into Proveedor (ProveedorID, Nombre, Telefono) values (1, 'Lorin Huggin', '743');
insert into Proveedor (ProveedorID, Nombre, Telefono) values (2, 'Raoul Shellcross', '7');
insert into Proveedor (ProveedorID, Nombre, Telefono) values (3, 'Elnora Ferruzzi', '1924');
insert into Proveedor (ProveedorID, Nombre, Telefono) values (4, 'Alfonse Jikovsky', '6');
insert into Proveedor (ProveedorID, Nombre, Telefono) values (5, 'Gena Jackways', '232');
insert into Proveedor (ProveedorID, Nombre, Telefono) values (6, 'Tanitansy Crepin', '0');
insert into Proveedor (ProveedorID, Nombre, Telefono) values (7, 'Barny Caile', '75200');
insert into Proveedor (ProveedorID, Nombre, Telefono) values (8, 'Isaak Goodfield', '9');
insert into Proveedor (ProveedorID, Nombre, Telefono) values (9, 'Bernardine Toft', '532');
insert into Proveedor (ProveedorID, Nombre, Telefono) values (10, 'Cash Tzar', '0');
insert into Proveedor (ProveedorID, Nombre, Telefono) values (11, 'Nikolaos Apthorpe', '423');
insert into Proveedor (ProveedorID, Nombre, Telefono) values (12, 'Uriah Glozman', '210');
insert into Proveedor (ProveedorID, Nombre, Telefono) values (13, 'Peta Frankish', '74');
insert into Proveedor (ProveedorID, Nombre, Telefono) values (14, 'Martelle Spinetti', '9');
insert into Proveedor (ProveedorID, Nombre, Telefono) values (15, 'Lauren Salle', '6');
insert into Proveedor (ProveedorID, Nombre, Telefono) values (16, 'Nari Vigers', '0107');
insert into Proveedor (ProveedorID, Nombre, Telefono) values (17, 'Patton Seabrook', '195');
insert into Proveedor (ProveedorID, Nombre, Telefono) values (18, 'Elyse Trumper', '51758');
insert into Proveedor (ProveedorID, Nombre, Telefono) values (19, 'Galen Mea', '1');
insert into Proveedor (ProveedorID, Nombre, Telefono) values (20, 'Naoma Hawe', '6107');
insert into Proveedor (ProveedorID, Nombre, Telefono) values (21, 'Billie Mitskevich', '96589');
insert into Proveedor (ProveedorID, Nombre, Telefono) values (22, 'Grier Breeze', '41299');
insert into Proveedor (ProveedorID, Nombre, Telefono) values (23, 'Toby Baraclough', '71506');
insert into Proveedor (ProveedorID, Nombre, Telefono) values (24, 'Margaux Ajean', '9253');
insert into Proveedor (ProveedorID, Nombre, Telefono) values (25, 'Shirline Surmon', '25421');
insert into Proveedor (ProveedorID, Nombre, Telefono) values (26, 'Seumas Mayall', '84');
insert into Proveedor (ProveedorID, Nombre, Telefono) values (27, 'Correy Lomas', '63871');
insert into Proveedor (ProveedorID, Nombre, Telefono) values (28, 'Vincents Thurby', '945');
insert into Proveedor (ProveedorID, Nombre, Telefono) values (29, 'Abner Woollin', '3');
insert into Proveedor (ProveedorID, Nombre, Telefono) values (30, 'Kaleena Sidebottom', '26');
insert into Proveedor (ProveedorID, Nombre, Telefono) values (31, 'Billy Merredy', '702');
insert into Proveedor (ProveedorID, Nombre, Telefono) values (32, 'Marc Kenshole', '5');
insert into Proveedor (ProveedorID, Nombre, Telefono) values (33, 'Florina Tire', '42');
insert into Proveedor (ProveedorID, Nombre, Telefono) values (34, 'Justina Guinane', '239');
insert into Proveedor (ProveedorID, Nombre, Telefono) values (35, 'Cacilie Poad', '4');
insert into Proveedor (ProveedorID, Nombre, Telefono) values (36, 'Alexandros Mercy', '51');
insert into Proveedor (ProveedorID, Nombre, Telefono) values (37, 'Mose Blinkhorn', '4843');
insert into Proveedor (ProveedorID, Nombre, Telefono) values (38, 'Mabelle Heighway', '28953');
insert into Proveedor (ProveedorID, Nombre, Telefono) values (39, 'Kelwin Bernat', '1');
insert into Proveedor (ProveedorID, Nombre, Telefono) values (40, 'Olly Corns', '995');
insert into Proveedor (ProveedorID, Nombre, Telefono) values (41, 'Hashim Gallear', '94');
insert into Proveedor (ProveedorID, Nombre, Telefono) values (42, 'Tierney Rosthorn', '5');
insert into Proveedor (ProveedorID, Nombre, Telefono) values (43, 'Hebert Monteath', '1');
insert into Proveedor (ProveedorID, Nombre, Telefono) values (44, 'Clarette Caccavale', '2');
insert into Proveedor (ProveedorID, Nombre, Telefono) values (45, 'Kessiah Marshman', '53');
insert into Proveedor (ProveedorID, Nombre, Telefono) values (46, 'Aubrie Yurivtsev', '95');
insert into Proveedor (ProveedorID, Nombre, Telefono) values (47, 'Garrik Larvent', '1');
insert into Proveedor (ProveedorID, Nombre, Telefono) values (48, 'Pia Parbrook', '3569');
insert into Proveedor (ProveedorID, Nombre, Telefono) values (49, 'Niki Sposito', '51126');
insert into Proveedor (ProveedorID, Nombre, Telefono) values (50, 'Moira Izchaki', '760');


--3 INSERTAMOS EN LA TABLA CLIENTE

insert into Cliente (ClienteID, Nombre, Apellido, Correo, Telefono) values (1, 'Corby', 'Duncklee', 'cduncklee0@flickr.com', '5213');
insert into Cliente (ClienteID, Nombre, Apellido, Correo, Telefono) values (2, 'Hershel', 'Fley', 'hfley1@skype.com', '0');
insert into Cliente (ClienteID, Nombre, Apellido, Correo, Telefono) values (3, 'Dotti', 'Sedge', 'dsedge2@over-blog.com', '12630');
insert into Cliente (ClienteID, Nombre, Apellido, Correo, Telefono) values (4, 'Rudolfo', 'Snasdell', 'rsnasdell3@storify.com', '1');
insert into Cliente (ClienteID, Nombre, Apellido, Correo, Telefono) values (5, 'Shanie', 'Beverstock', 'sbeverstock4@gravatar.com', '8718');
insert into Cliente (ClienteID, Nombre, Apellido, Correo, Telefono) values (6, 'Hazel', 'Grebbin', 'hgrebbin5@eventbrite.com', '30');
insert into Cliente (ClienteID, Nombre, Apellido, Correo, Telefono) values (7, 'Kendre', 'Cockings', 'kcockings6@chronoengine.com', '050');
insert into Cliente (ClienteID, Nombre, Apellido, Correo, Telefono) values (8, 'Miguelita', 'Freeburn', 'mfreeburn7@guardian.co.uk', '19');
insert into Cliente (ClienteID, Nombre, Apellido, Correo, Telefono) values (9, 'Bondie', 'Courtliff', 'bcourtliff8@webeden.co.uk', '04328');
insert into Cliente (ClienteID, Nombre, Apellido, Correo, Telefono) values (10, 'Pepe', 'Burnip', 'pburnip9@globo.com', '1462');
insert into Cliente (ClienteID, Nombre, Apellido, Correo, Telefono) values (11, 'Talyah', 'Horley', 'thorleya@prlog.org', '22');
insert into Cliente (ClienteID, Nombre, Apellido, Correo, Telefono) values (12, 'Wood', 'Straffon', 'wstraffonb@state.gov', '39');
insert into Cliente (ClienteID, Nombre, Apellido, Correo, Telefono) values (13, 'Lawrence', 'Pargiter', 'lpargiterc@webs.com', '0523');
insert into Cliente (ClienteID, Nombre, Apellido, Correo, Telefono) values (14, 'Clive', 'Gianiello', 'cgianiellod@harvard.edu', '4');
insert into Cliente (ClienteID, Nombre, Apellido, Correo, Telefono) values (15, 'Kimberley', 'Ruggier', 'kruggiere@eepurl.com', '10614');
insert into Cliente (ClienteID, Nombre, Apellido, Correo, Telefono) values (16, 'Jedediah', 'Amort', 'jamortf@va.gov', '034');
insert into Cliente (ClienteID, Nombre, Apellido, Correo, Telefono) values (17, 'Garey', 'Baal', 'gbaalg@disqus.com', '0');
insert into Cliente (ClienteID, Nombre, Apellido, Correo, Telefono) values (18, 'Mick', 'Kennagh', 'mkennaghh@github.com', '1533');
insert into Cliente (ClienteID, Nombre, Apellido, Correo, Telefono) values (19, 'Cynthie', 'Bloomer', 'cbloomeri@photobucket.com', '66');
insert into Cliente (ClienteID, Nombre, Apellido, Correo, Telefono) values (20, 'Berry', 'Scothorn', 'bscothornj@cisco.com', '83984');
insert into Cliente (ClienteID, Nombre, Apellido, Correo, Telefono) values (21, 'Bonni', 'Rorke', 'brorkek@eventbrite.com', '35023');
insert into Cliente (ClienteID, Nombre, Apellido, Correo, Telefono) values (22, 'Dannie', 'Hallowes', 'dhallowesl@blogspot.com', '4');
insert into Cliente (ClienteID, Nombre, Apellido, Correo, Telefono) values (23, 'Fleurette', 'Wille', 'fwillem@tinypic.com', '979');
insert into Cliente (ClienteID, Nombre, Apellido, Correo, Telefono) values (24, 'Inness', 'Sirr', 'isirrn@163.com', '121');
insert into Cliente (ClienteID, Nombre, Apellido, Correo, Telefono) values (25, 'Caterina', 'Stebbings', 'cstebbingso@comsenz.com', '71');
insert into Cliente (ClienteID, Nombre, Apellido, Correo, Telefono) values (26, 'Leanor', 'Hosten', 'lhostenp@discuz.net', '154');
insert into Cliente (ClienteID, Nombre, Apellido, Correo, Telefono) values (27, 'Avie', 'Angood', 'aangoodq@theatlantic.com', '74056');
insert into Cliente (ClienteID, Nombre, Apellido, Correo, Telefono) values (28, 'Arlan', 'O''Quin', 'aoquinr@lulu.com', '7');
insert into Cliente (ClienteID, Nombre, Apellido, Correo, Telefono) values (29, 'Charley', 'Yates', 'cyatess@census.gov', '2507');
insert into Cliente (ClienteID, Nombre, Apellido, Correo, Telefono) values (30, 'Payton', 'Blabie', 'pblabiet@kickstarter.com', '2177');
insert into Cliente (ClienteID, Nombre, Apellido, Correo, Telefono) values (31, 'Gordan', 'Sisse', 'gsisseu@statcounter.com', '4251');
insert into Cliente (ClienteID, Nombre, Apellido, Correo, Telefono) values (32, 'Seamus', 'Gioan', 'sgioanv@last.fm', '26');
insert into Cliente (ClienteID, Nombre, Apellido, Correo, Telefono) values (33, 'Greggory', 'Le Maitre', 'glemaitrew@goo.ne.jp', '8');
insert into Cliente (ClienteID, Nombre, Apellido, Correo, Telefono) values (34, 'Danny', 'Camoletto', 'dcamolettox@zimbio.com', '2');
insert into Cliente (ClienteID, Nombre, Apellido, Correo, Telefono) values (35, 'Karina', 'Buckthorp', 'kbuckthorpy@addtoany.com', '0');
insert into Cliente (ClienteID, Nombre, Apellido, Correo, Telefono) values (36, 'Carmine', 'Cattel', 'ccattelz@joomla.org', '363');
insert into Cliente (ClienteID, Nombre, Apellido, Correo, Telefono) values (37, 'Roger', 'Scrivner', 'rscrivner10@loc.gov', '7945');
insert into Cliente (ClienteID, Nombre, Apellido, Correo, Telefono) values (38, 'Moll', 'Matusson', 'mmatusson11@histats.com', '54');
insert into Cliente (ClienteID, Nombre, Apellido, Correo, Telefono) values (39, 'Harriett', 'Woolforde', 'hwoolforde12@dyndns.org', '5854');
insert into Cliente (ClienteID, Nombre, Apellido, Correo, Telefono) values (40, 'Jeannie', 'Prantl', 'jprantl13@comcast.net', '527');
insert into Cliente (ClienteID, Nombre, Apellido, Correo, Telefono) values (41, 'Nat', 'Perrat', 'nperrat14@theguardian.com', '2080');
insert into Cliente (ClienteID, Nombre, Apellido, Correo, Telefono) values (42, 'Pepito', 'Chevalier', 'pchevalier15@techcrunch.com', '0');
insert into Cliente (ClienteID, Nombre, Apellido, Correo, Telefono) values (43, 'Serena', 'Edon', 'sedon16@sourceforge.net', '0985');
insert into Cliente (ClienteID, Nombre, Apellido, Correo, Telefono) values (44, 'Nil', 'Foyster', 'nfoyster17@symantec.com', '355');
insert into Cliente (ClienteID, Nombre, Apellido, Correo, Telefono) values (45, 'Jerri', 'Bennike', 'jbennike18@bloomberg.com', '274');
insert into Cliente (ClienteID, Nombre, Apellido, Correo, Telefono) values (46, 'Ernestine', 'Crummy', 'ecrummy19@dailymotion.com', '88');
insert into Cliente (ClienteID, Nombre, Apellido, Correo, Telefono) values (47, 'Delia', 'Weadick', 'dweadick1a@purevolume.com', '98343');
insert into Cliente (ClienteID, Nombre, Apellido, Correo, Telefono) values (48, 'Karolina', 'Eland', 'keland1b@cloudflare.com', '91431');
insert into Cliente (ClienteID, Nombre, Apellido, Correo, Telefono) values (49, 'Rosalind', 'Trevena', 'rtrevena1c@deviantart.com', '7605');
insert into Cliente (ClienteID, Nombre, Apellido, Correo, Telefono) values (50, 'Lambert', 'Keary', 'lkeary1d@prnewswire.com', '78617');

--4 INSERTAMOS EN LA TABLA AUTO

insert into Auto (AutoID, Codigo, Marca, Modelo, AñoFabricacion, AñoProduccion, Cilindraje, TipoVehiculo, PrecioCompra, PrecioVenta, DescuentoAplicado, CategoriaID, ProveedorID) values (1, 'AUT-01', 'Chevrolet', 'Suburban 2500', 2010, 2010, 2800, 'Challenger', 19641.18, 20786, 0.1, 7, 46);
insert into Auto (AutoID, Codigo, Marca, Modelo, AñoFabricacion, AñoProduccion, Cilindraje, TipoVehiculo, PrecioCompra, PrecioVenta, DescuentoAplicado, CategoriaID, ProveedorID) values (2, 'AUT-02', 'Dodge', 'Avenger', 2011, 2011, 2395, '80', 9668.41, 9439, 0.01, 3, 8);
insert into Auto (AutoID, Codigo, Marca, Modelo, AñoFabricacion, AñoProduccion, Cilindraje, TipoVehiculo, PrecioCompra, PrecioVenta, DescuentoAplicado, CategoriaID, ProveedorID) values (3, 'AUT-03', 'Lincoln', 'MKZ', 2012, 2012, 3212, 'Dakota', 10041.72, 29983, 0.1, 11, 14);
insert into Auto (AutoID, Codigo, Marca, Modelo, AñoFabricacion, AñoProduccion, Cilindraje, TipoVehiculo, PrecioCompra, PrecioVenta, DescuentoAplicado, CategoriaID, ProveedorID) values (4, 'AUT-04', 'Volvo', 'XC70', 2013, 2013, 4319, 'Tacoma', 7719.47, 22691, 0.01, 3, 17);
insert into Auto (AutoID, Codigo, Marca, Modelo, AñoFabricacion, AñoProduccion, Cilindraje, TipoVehiculo, PrecioCompra, PrecioVenta, DescuentoAplicado, CategoriaID, ProveedorID) values (5, 'AUT-05', 'Dodge', 'Ram Van 2500', 2014, 2014, 3083, 'M-Class', 7234.49, 16107, 0.06, 6, 8);
insert into Auto (AutoID, Codigo, Marca, Modelo, AñoFabricacion, AñoProduccion, Cilindraje, TipoVehiculo, PrecioCompra, PrecioVenta, DescuentoAplicado, CategoriaID, ProveedorID) values (6, 'AUT-06', 'Merkur', 'XR4Ti', 2015, 2015, 3196, 'Journey', 14355.95, 25418, 0.05, 2, 28);
insert into Auto (AutoID, Codigo, Marca, Modelo, AñoFabricacion, AñoProduccion, Cilindraje, TipoVehiculo, PrecioCompra, PrecioVenta, DescuentoAplicado, CategoriaID, ProveedorID) values (7, 'AUT-07', 'Infiniti', 'J', 2016, 2016, 2847, 'Acadia', 14418.96, 29287, 0.06, 4, 7);
insert into Auto (AutoID, Codigo, Marca, Modelo, AñoFabricacion, AñoProduccion, Cilindraje, TipoVehiculo, PrecioCompra, PrecioVenta, DescuentoAplicado, CategoriaID, ProveedorID) values (8, 'AUT-08', 'Infiniti', 'G', 2017, 2017, 2347, 'CLS-Class', 6899.87, 6164, 0.06, 1, 13);
insert into Auto (AutoID, Codigo, Marca, Modelo, AñoFabricacion, AñoProduccion, Cilindraje, TipoVehiculo, PrecioCompra, PrecioVenta, DescuentoAplicado, CategoriaID, ProveedorID) values (9, 'AUT-09', 'Saturn', 'Astra', 2018, 2018, 1679, 'ES', 18791.24, 19482, 0.04, 1, 31);
insert into Auto (AutoID, Codigo, Marca, Modelo, AñoFabricacion, AñoProduccion, Cilindraje, TipoVehiculo, PrecioCompra, PrecioVenta, DescuentoAplicado, CategoriaID, ProveedorID) values (10, 'AUT-10', 'Geo', 'Prizm', 2019, 2019, 3337, 'Cabriolet', 13281.16, 23022, 0.0, 4, 29);
insert into Auto (AutoID, Codigo, Marca, Modelo, AñoFabricacion, AñoProduccion, Cilindraje, TipoVehiculo, PrecioCompra, PrecioVenta, DescuentoAplicado, CategoriaID, ProveedorID) values (11, 'AUT-11', 'Ford', 'Ranger', 2020, 2020, 3607, 'Rapide', 7979.39, 20739, 0.09, 10, 26);
insert into Auto (AutoID, Codigo, Marca, Modelo, AñoFabricacion, AñoProduccion, Cilindraje, TipoVehiculo, PrecioCompra, PrecioVenta, DescuentoAplicado, CategoriaID, ProveedorID) values (12, 'AUT-12', 'Porsche', 'Boxster', 2021, 2021, 3370, '57', 19483.53, 26937, 0.01, 1, 15);
insert into Auto (AutoID, Codigo, Marca, Modelo, AñoFabricacion, AñoProduccion, Cilindraje, TipoVehiculo, PrecioCompra, PrecioVenta, DescuentoAplicado, CategoriaID, ProveedorID) values (13, 'AUT-13', 'Jeep', 'Wrangler', 2022, 2022, 3970, 'Ranger', 9953.85, 23491, 0.06, 8, 19);
insert into Auto (AutoID, Codigo, Marca, Modelo, AñoFabricacion, AñoProduccion, Cilindraje, TipoVehiculo, PrecioCompra, PrecioVenta, DescuentoAplicado, CategoriaID, ProveedorID) values (14, 'AUT-14', 'Audi', 'R8', 2023, 2023, 2078, 'Riviera', 9937.09, 26017, 0.0, 10, 34);
insert into Auto (AutoID, Codigo, Marca, Modelo, AñoFabricacion, AñoProduccion, Cilindraje, TipoVehiculo, PrecioCompra, PrecioVenta, DescuentoAplicado, CategoriaID, ProveedorID) values (15, 'AUT-15', 'Pontiac', 'LeMans', 2024, 2024, 4150, 'Trans Sport', 16602.37, 19530, 0.0, 11, 19);
insert into Auto (AutoID, Codigo, Marca, Modelo, AñoFabricacion, AñoProduccion, Cilindraje, TipoVehiculo, PrecioCompra, PrecioVenta, DescuentoAplicado, CategoriaID, ProveedorID) values (16, 'AUT-16', 'Dodge', 'Ram Van 1500', 2025, 2025, 1361, '370Z', 15901.78, 6053, 0.09, 11, 13);
insert into Auto (AutoID, Codigo, Marca, Modelo, AñoFabricacion, AñoProduccion, Cilindraje, TipoVehiculo, PrecioCompra, PrecioVenta, DescuentoAplicado, CategoriaID, ProveedorID) values (17, 'AUT-17', 'Cadillac', 'STS', 2010, 2010, 1627, 'SL-Class', 16386.24, 19828, 0.07, 1, 21);
insert into Auto (AutoID, Codigo, Marca, Modelo, AñoFabricacion, AñoProduccion, Cilindraje, TipoVehiculo, PrecioCompra, PrecioVenta, DescuentoAplicado, CategoriaID, ProveedorID) values (18, 'AUT-18', 'Mazda', 'Miata MX-5', 2011, 2011, 1454, 'F350', 14133.47, 11101, 0.04, 3, 36);
insert into Auto (AutoID, Codigo, Marca, Modelo, AñoFabricacion, AñoProduccion, Cilindraje, TipoVehiculo, PrecioCompra, PrecioVenta, DescuentoAplicado, CategoriaID, ProveedorID) values (19, 'AUT-19', 'Mercedes-Benz', 'CLK-Class', 2012, 2012, 2810, 'Stealth', 10689.76, 20802, 0.02, 9, 16);
insert into Auto (AutoID, Codigo, Marca, Modelo, AñoFabricacion, AñoProduccion, Cilindraje, TipoVehiculo, PrecioCompra, PrecioVenta, DescuentoAplicado, CategoriaID, ProveedorID) values (20, 'AUT-20', 'Saab', '9-2X', 2013, 2013, 2414, '350Z', 8494.29, 24631, 0.03, 1, 30);
insert into Auto (AutoID, Codigo, Marca, Modelo, AñoFabricacion, AñoProduccion, Cilindraje, TipoVehiculo, PrecioCompra, PrecioVenta, DescuentoAplicado, CategoriaID, ProveedorID) values (21, 'AUT-21', 'GMC', '3500 Club Coupe', 2014, 2014, 2487, 'Voyager', 21680.89, 6057, 0.01, 11, 18);
insert into Auto (AutoID, Codigo, Marca, Modelo, AñoFabricacion, AñoProduccion, Cilindraje, TipoVehiculo, PrecioCompra, PrecioVenta, DescuentoAplicado, CategoriaID, ProveedorID) values (22, 'AUT-22', 'Suzuki', 'Swift', 2015, 2015, 2587, 'Mulsanne', 17248.42, 29291, 0.1, 3, 9);
insert into Auto (AutoID, Codigo, Marca, Modelo, AñoFabricacion, AñoProduccion, Cilindraje, TipoVehiculo, PrecioCompra, PrecioVenta, DescuentoAplicado, CategoriaID, ProveedorID) values (23, 'AUT-23', 'Audi', 'Cabriolet', 2016, 2016, 4988, 'M-Class', 22559.89, 26430, 0.04, 10, 36);
insert into Auto (AutoID, Codigo, Marca, Modelo, AñoFabricacion, AñoProduccion, Cilindraje, TipoVehiculo, PrecioCompra, PrecioVenta, DescuentoAplicado, CategoriaID, ProveedorID) values (24, 'AUT-24', 'Ferrari', '612 Scaglietti', 2017, 2017, 2578, 'DTS', 10421.51, 6219, 0.06, 4, 24);
insert into Auto (AutoID, Codigo, Marca, Modelo, AñoFabricacion, AñoProduccion, Cilindraje, TipoVehiculo, PrecioCompra, PrecioVenta, DescuentoAplicado, CategoriaID, ProveedorID) values (25, 'AUT-25', 'Pontiac', 'LeMans', 2018, 2018, 3559, 'Optima', 13358.23, 9141, 0.1, 4, 24);
insert into Auto (AutoID, Codigo, Marca, Modelo, AñoFabricacion, AñoProduccion, Cilindraje, TipoVehiculo, PrecioCompra, PrecioVenta, DescuentoAplicado, CategoriaID, ProveedorID) values (26, 'AUT-26', 'Maybach', '62', 2019, 2019, 1195, 'Escalade ESV', 9063.58, 22746, 0.06, 10, 3);
insert into Auto (AutoID, Codigo, Marca, Modelo, AñoFabricacion, AñoProduccion, Cilindraje, TipoVehiculo, PrecioCompra, PrecioVenta, DescuentoAplicado, CategoriaID, ProveedorID) values (27, 'AUT-27', 'Ford', 'F250', 2020, 2020, 1272, 'Murciélago', 23008.36, 25049, 0.01, 9, 7);
insert into Auto (AutoID, Codigo, Marca, Modelo, AñoFabricacion, AñoProduccion, Cilindraje, TipoVehiculo, PrecioCompra, PrecioVenta, DescuentoAplicado, CategoriaID, ProveedorID) values (28, 'AUT-28', 'Toyota', 'Yaris', 2021, 2021, 1952, '530', 9791.8, 29873, 0.06, 4, 32);
insert into Auto (AutoID, Codigo, Marca, Modelo, AñoFabricacion, AñoProduccion, Cilindraje, TipoVehiculo, PrecioCompra, PrecioVenta, DescuentoAplicado, CategoriaID, ProveedorID) values (29, 'AUT-29', 'Infiniti', 'I', 2022, 2022, 1745, 'Ram 1500', 18429.6, 11548, 0.06, 10, 26);
insert into Auto (AutoID, Codigo, Marca, Modelo, AñoFabricacion, AñoProduccion, Cilindraje, TipoVehiculo, PrecioCompra, PrecioVenta, DescuentoAplicado, CategoriaID, ProveedorID) values (30, 'AUT-30', 'Mazda', 'B-Series', 2023, 2023, 2326, 'A8', 19909.45, 25088, 0.08, 1, 50);
insert into Auto (AutoID, Codigo, Marca, Modelo, AñoFabricacion, AñoProduccion, Cilindraje, TipoVehiculo, PrecioCompra, PrecioVenta, DescuentoAplicado, CategoriaID, ProveedorID) values (31, 'AUT-31', 'Honda', 'Passport', 2024, 2024, 4031, '325', 10720.74, 16144, 0.08, 10, 8);
insert into Auto (AutoID, Codigo, Marca, Modelo, AñoFabricacion, AñoProduccion, Cilindraje, TipoVehiculo, PrecioCompra, PrecioVenta, DescuentoAplicado, CategoriaID, ProveedorID) values (32, 'AUT-32', 'Cadillac', 'Fleetwood', 2025, 2025, 4876, 'Escape', 13221.22, 22176, 0.09, 4, 42);
insert into Auto (AutoID, Codigo, Marca, Modelo, AñoFabricacion, AñoProduccion, Cilindraje, TipoVehiculo, PrecioCompra, PrecioVenta, DescuentoAplicado, CategoriaID, ProveedorID) values (33, 'AUT-33', 'Infiniti', 'FX', 2010, 2010, 2850, '370Z', 16216.49, 25448, 0.05, 1, 26);
insert into Auto (AutoID, Codigo, Marca, Modelo, AñoFabricacion, AñoProduccion, Cilindraje, TipoVehiculo, PrecioCompra, PrecioVenta, DescuentoAplicado, CategoriaID, ProveedorID) values (34, 'AUT-34', 'Jaguar', 'XK Series', 2011, 2011, 4285, 'Sunfire', 23511.05, 15595, 0.04, 5, 4);
insert into Auto (AutoID, Codigo, Marca, Modelo, AñoFabricacion, AñoProduccion, Cilindraje, TipoVehiculo, PrecioCompra, PrecioVenta, DescuentoAplicado, CategoriaID, ProveedorID) values (35, 'AUT-35', 'Mercury', 'Montego', 2012, 2012, 1915, 'Ram Van 3500', 19803.45, 26814, 0.05, 3, 50);
insert into Auto (AutoID, Codigo, Marca, Modelo, AñoFabricacion, AñoProduccion, Cilindraje, TipoVehiculo, PrecioCompra, PrecioVenta, DescuentoAplicado, CategoriaID, ProveedorID) values (36, 'AUT-36', 'Volvo', 'S60', 2013, 2013, 2790, 'Legacy', 23830.97, 6797, 0.02, 6, 2);
insert into Auto (AutoID, Codigo, Marca, Modelo, AñoFabricacion, AñoProduccion, Cilindraje, TipoVehiculo, PrecioCompra, PrecioVenta, DescuentoAplicado, CategoriaID, ProveedorID) values (37, 'AUT-37', 'Buick', 'Enclave', 2014, 2014, 3607, 'Elantra', 5684.91, 7924, 0.03, 4, 30);
insert into Auto (AutoID, Codigo, Marca, Modelo, AñoFabricacion, AñoProduccion, Cilindraje, TipoVehiculo, PrecioCompra, PrecioVenta, DescuentoAplicado, CategoriaID, ProveedorID) values (38, 'AUT-38', 'Buick', 'Regal', 2015, 2015, 2324, 'Storm', 11149.59, 21239, 0.09, 8, 12);
insert into Auto (AutoID, Codigo, Marca, Modelo, AñoFabricacion, AñoProduccion, Cilindraje, TipoVehiculo, PrecioCompra, PrecioVenta, DescuentoAplicado, CategoriaID, ProveedorID) values (39, 'AUT-39', 'Cadillac', 'CTS', 2016, 2016, 3787, 'Cayman', 18252.95, 20666, 0.03, 3, 49);
insert into Auto (AutoID, Codigo, Marca, Modelo, AñoFabricacion, AñoProduccion, Cilindraje, TipoVehiculo, PrecioCompra, PrecioVenta, DescuentoAplicado, CategoriaID, ProveedorID) values (40, 'AUT-40', 'Mercedes-Benz', 'G55 AMG', 2017, 2017, 2340, 'A8', 13530.81, 19534, 0.1, 4, 36);
insert into Auto (AutoID, Codigo, Marca, Modelo, AñoFabricacion, AñoProduccion, Cilindraje, TipoVehiculo, PrecioCompra, PrecioVenta, DescuentoAplicado, CategoriaID, ProveedorID) values (41, 'AUT-41', 'Chevrolet', 'G-Series 1500', 2018, 2018, 3238, 'Charger', 6040.77, 7500, 0.05, 3, 40);
insert into Auto (AutoID, Codigo, Marca, Modelo, AñoFabricacion, AñoProduccion, Cilindraje, TipoVehiculo, PrecioCompra, PrecioVenta, DescuentoAplicado, CategoriaID, ProveedorID) values (42, 'AUT-42', 'Ford', 'F350', 2019, 2019, 4511, 'LS', 16012.7, 6815, 0.02, 5, 47);
insert into Auto (AutoID, Codigo, Marca, Modelo, AñoFabricacion, AñoProduccion, Cilindraje, TipoVehiculo, PrecioCompra, PrecioVenta, DescuentoAplicado, CategoriaID, ProveedorID) values (43, 'AUT-43', 'Acura', 'RSX', 2020, 2020, 3226, 'New Beetle', 13213.36, 10499, 0.03, 5, 47);
insert into Auto (AutoID, Codigo, Marca, Modelo, AñoFabricacion, AñoProduccion, Cilindraje, TipoVehiculo, PrecioCompra, PrecioVenta, DescuentoAplicado, CategoriaID, ProveedorID) values (44, 'AUT-44', 'Volvo', 'V40', 2021, 2021, 2333, 'Galant', 12608.26, 24531, 0.04, 7, 49);
insert into Auto (AutoID, Codigo, Marca, Modelo, AñoFabricacion, AñoProduccion, Cilindraje, TipoVehiculo, PrecioCompra, PrecioVenta, DescuentoAplicado, CategoriaID, ProveedorID) values (45, 'AUT-45', 'Nissan', 'Altima', 2022, 2022, 4779, 'Murciélago', 10896.58, 8524, 0.01, 2, 42);
insert into Auto (AutoID, Codigo, Marca, Modelo, AñoFabricacion, AñoProduccion, Cilindraje, TipoVehiculo, PrecioCompra, PrecioVenta, DescuentoAplicado, CategoriaID, ProveedorID) values (46, 'AUT-46', 'Chevrolet', 'G-Series 2500', 2023, 2023, 4565, 'FR-S', 17224.66, 24005, 0.08, 3, 14);
insert into Auto (AutoID, Codigo, Marca, Modelo, AñoFabricacion, AñoProduccion, Cilindraje, TipoVehiculo, PrecioCompra, PrecioVenta, DescuentoAplicado, CategoriaID, ProveedorID) values (47, 'AUT-47', 'Hyundai', 'Tucson', 2024, 2024, 1385, 'Trooper', 14144.75, 12128, 0.09, 9, 8);
insert into Auto (AutoID, Codigo, Marca, Modelo, AñoFabricacion, AñoProduccion, Cilindraje, TipoVehiculo, PrecioCompra, PrecioVenta, DescuentoAplicado, CategoriaID, ProveedorID) values (48, 'AUT-48', 'Saturn', 'L-Series', 2025, 2025, 2568, 'Sonata', 15990.46, 27756, 0.07, 7, 23);
insert into Auto (AutoID, Codigo, Marca, Modelo, AñoFabricacion, AñoProduccion, Cilindraje, TipoVehiculo, PrecioCompra, PrecioVenta, DescuentoAplicado, CategoriaID, ProveedorID) values (49, 'AUT-49', 'Lexus', 'GX', 2010, 2010, 3443, 'Pajero', 13389.32, 23678, 0.03, 1, 29);
insert into Auto (AutoID, Codigo, Marca, Modelo, AñoFabricacion, AñoProduccion, Cilindraje, TipoVehiculo, PrecioCompra, PrecioVenta, DescuentoAplicado, CategoriaID, ProveedorID) values (50, 'AUT-50', 'Chevrolet', 'G-Series G20', 2011, 2011, 2607, 'Impala', 14173.97, 14317, 0.06, 9, 46);

--5 INSERTAMOS EN LA TABLA EMPLEADO

insert into Empleado (EmpleadoID, Nombre, Cargo) values (1, 'Adena Kent', 'Jefe de inventario');
insert into Empleado (EmpleadoID, Nombre, Cargo) values (2, 'Gaye Ramirez', 'Recepcionista');
insert into Empleado (EmpleadoID, Nombre, Cargo) values (3, 'Ange Mar', 'Jefe de inventario');
insert into Empleado (EmpleadoID, Nombre, Cargo) values (4, 'Rancell McAuslan', 'Vendedor');
insert into Empleado (EmpleadoID, Nombre, Cargo) values (5, 'Tabby Harvison', 'Vendedor');
insert into Empleado (EmpleadoID, Nombre, Cargo) values (6, 'Rutter Giggs', 'Mecanico');
insert into Empleado (EmpleadoID, Nombre, Cargo) values (7, 'Dex Simmonite', 'Jefe de inventario');
insert into Empleado (EmpleadoID, Nombre, Cargo) values (8, 'Dawn Herries', 'Marketing');
insert into Empleado (EmpleadoID, Nombre, Cargo) values (9, 'Findlay MacGibbon', 'Director General');
insert into Empleado (EmpleadoID, Nombre, Cargo) values (10, 'Dwight Adlard', 'Marketing');
insert into Empleado (EmpleadoID, Nombre, Cargo) values (11, 'Benjamen Durrad', 'Marketing');
insert into Empleado (EmpleadoID, Nombre, Cargo) values (12, 'Benjamin Danett', 'Recepcionista');
insert into Empleado (EmpleadoID, Nombre, Cargo) values (13, 'Myrah Feore', 'Auxiliar administrativo');
insert into Empleado (EmpleadoID, Nombre, Cargo) values (14, 'Dewie Mariolle', 'Vendedor');
insert into Empleado (EmpleadoID, Nombre, Cargo) values (15, 'Rosabella Mildenhall', 'Director General');
insert into Empleado (EmpleadoID, Nombre, Cargo) values (16, 'Sonnie Lumsdon', 'Recepcionista');
insert into Empleado (EmpleadoID, Nombre, Cargo) values (17, 'Luis Skullet', 'Vendedor');
insert into Empleado (EmpleadoID, Nombre, Cargo) values (18, 'Seka Awcoate', 'Jefe de inventario');
insert into Empleado (EmpleadoID, Nombre, Cargo) values (19, 'Reine Wendover', 'Recepcionista');
insert into Empleado (EmpleadoID, Nombre, Cargo) values (20, 'Ardelis Shipston', 'Jefe de inventario');
insert into Empleado (EmpleadoID, Nombre, Cargo) values (21, 'Brier Roddam', 'Recepcionista');
insert into Empleado (EmpleadoID, Nombre, Cargo) values (22, 'Brice Willimot', 'Mecanico');
insert into Empleado (EmpleadoID, Nombre, Cargo) values (23, 'Dallis Bilam', 'Mecanico');
insert into Empleado (EmpleadoID, Nombre, Cargo) values (24, 'Carmine Loughead', 'Auxiliar administrativo');
insert into Empleado (EmpleadoID, Nombre, Cargo) values (25, 'Jemima Huggon', 'Mecanico');
insert into Empleado (EmpleadoID, Nombre, Cargo) values (26, 'Barris Faulder', 'Vendedor');
insert into Empleado (EmpleadoID, Nombre, Cargo) values (27, 'Whit Crocetti', 'Gerente de ventas');
insert into Empleado (EmpleadoID, Nombre, Cargo) values (28, 'Edithe Bleackley', 'Gerente de ventas');
insert into Empleado (EmpleadoID, Nombre, Cargo) values (29, 'Jacklin Obbard', 'Vendedor');
insert into Empleado (EmpleadoID, Nombre, Cargo) values (30, 'Bartel Withull', 'Gerente de ventas');
insert into Empleado (EmpleadoID, Nombre, Cargo) values (31, 'Dorry Barnardo', 'Director General');
insert into Empleado (EmpleadoID, Nombre, Cargo) values (32, 'Mollie Goldwater', 'Vendedor');
insert into Empleado (EmpleadoID, Nombre, Cargo) values (33, 'Issie Woolforde', 'Mecanico');
insert into Empleado (EmpleadoID, Nombre, Cargo) values (34, 'Obadias Izhak', 'Jefe de inventario');
insert into Empleado (EmpleadoID, Nombre, Cargo) values (35, 'Georgeanne Learman', 'Auxiliar administrativo');
insert into Empleado (EmpleadoID, Nombre, Cargo) values (36, 'Deanne Gadd', 'Director General');
insert into Empleado (EmpleadoID, Nombre, Cargo) values (37, 'Tann Sandbatch', 'Director General');
insert into Empleado (EmpleadoID, Nombre, Cargo) values (38, 'Camilla Couronne', 'Director General');
insert into Empleado (EmpleadoID, Nombre, Cargo) values (39, 'Esther Arias', 'Marketing');
insert into Empleado (EmpleadoID, Nombre, Cargo) values (40, 'Shani Lafay', 'Gerente de ventas');
insert into Empleado (EmpleadoID, Nombre, Cargo) values (41, 'Locke Bance', 'Vendedor');
insert into Empleado (EmpleadoID, Nombre, Cargo) values (42, 'Appolonia Swyre', 'Vendedor');
insert into Empleado (EmpleadoID, Nombre, Cargo) values (43, 'Alexi Boys', 'Marketing');
insert into Empleado (EmpleadoID, Nombre, Cargo) values (44, 'Susanna Carpenter', 'Director General');
insert into Empleado (EmpleadoID, Nombre, Cargo) values (45, 'Maribelle De Bruyn', 'Auxiliar administrativo');
insert into Empleado (EmpleadoID, Nombre, Cargo) values (46, 'Ximenez Roft', 'Recepcionista');
insert into Empleado (EmpleadoID, Nombre, Cargo) values (47, 'Ursa Roseman', 'Jefe de inventario');
insert into Empleado (EmpleadoID, Nombre, Cargo) values (48, 'Erna Sorley', 'Gerente de ventas');
insert into Empleado (EmpleadoID, Nombre, Cargo) values (49, 'Mathias Yakubov', 'Mecanico');
insert into Empleado (EmpleadoID, Nombre, Cargo) values (50, 'Wilmette Mathey', 'Mecanico');

--6 INSERTAMOS EN LA TABLA VENTA

insert into Venta (VentaID, AutoID, ClienteID, EmpleadoID, FechaVenta, PrecioFinal) values (1, 2, 31, 5, '2023-02-19', 62267);
insert into Venta (VentaID, AutoID, ClienteID, EmpleadoID, FechaVenta, PrecioFinal) values (2, 28, 15, 4, '2018-06-22', 39638);
insert into Venta (VentaID, AutoID, ClienteID, EmpleadoID, FechaVenta, PrecioFinal) values (3, 10, 22, 5, '2002-09-15', 37519);
insert into Venta (VentaID, AutoID, ClienteID, EmpleadoID, FechaVenta, PrecioFinal) values (4, 30, 23, 49, '2022-01-24', 50856);
insert into Venta (VentaID, AutoID, ClienteID, EmpleadoID, FechaVenta, PrecioFinal) values (5, 29, 25, 10, '2003-09-17', 36011);
insert into Venta (VentaID, AutoID, ClienteID, EmpleadoID, FechaVenta, PrecioFinal) values (6, 49, 49, 12, '2001-07-24', 34452);
insert into Venta (VentaID, AutoID, ClienteID, EmpleadoID, FechaVenta, PrecioFinal) values (7, 48, 38, 6, '2014-01-01', 41419);
insert into Venta (VentaID, AutoID, ClienteID, EmpleadoID, FechaVenta, PrecioFinal) values (8, 35, 26, 48, '2019-06-28', 46534);
insert into Venta (VentaID, AutoID, ClienteID, EmpleadoID, FechaVenta, PrecioFinal) values (9, 23, 25, 43, '2018-01-26', 62436);
insert into Venta (VentaID, AutoID, ClienteID, EmpleadoID, FechaVenta, PrecioFinal) values (10, 3, 32, 36, '2001-02-10', 42156);
insert into Venta (VentaID, AutoID, ClienteID, EmpleadoID, FechaVenta, PrecioFinal) values (11, 31, 47, 38, '2007-08-03', 53782);
insert into Venta (VentaID, AutoID, ClienteID, EmpleadoID, FechaVenta, PrecioFinal) values (12, 21, 40, 9, '2014-02-05', 62056);
insert into Venta (VentaID, AutoID, ClienteID, EmpleadoID, FechaVenta, PrecioFinal) values (13, 10, 21, 15, '2014-04-19', 56164);
insert into Venta (VentaID, AutoID, ClienteID, EmpleadoID, FechaVenta, PrecioFinal) values (14, 41, 19, 1, '2001-03-26', 39282);
insert into Venta (VentaID, AutoID, ClienteID, EmpleadoID, FechaVenta, PrecioFinal) values (15, 22, 26, 20, '2008-06-30', 50204);
insert into Venta (VentaID, AutoID, ClienteID, EmpleadoID, FechaVenta, PrecioFinal) values (16, 40, 46, 10, '2015-02-17', 67254);
insert into Venta (VentaID, AutoID, ClienteID, EmpleadoID, FechaVenta, PrecioFinal) values (17, 5, 31, 11, '2002-08-17', 42594);
insert into Venta (VentaID, AutoID, ClienteID, EmpleadoID, FechaVenta, PrecioFinal) values (18, 35, 5, 41, '2004-12-24', 61910);
insert into Venta (VentaID, AutoID, ClienteID, EmpleadoID, FechaVenta, PrecioFinal) values (19, 7, 15, 15, '2024-01-27', 61720);
insert into Venta (VentaID, AutoID, ClienteID, EmpleadoID, FechaVenta, PrecioFinal) values (20, 40, 13, 36, '2006-05-10', 31080);
insert into Venta (VentaID, AutoID, ClienteID, EmpleadoID, FechaVenta, PrecioFinal) values (21, 9, 35, 4, '2015-10-13', 60163);
insert into Venta (VentaID, AutoID, ClienteID, EmpleadoID, FechaVenta, PrecioFinal) values (22, 16, 28, 28, '2005-04-14', 47108);
insert into Venta (VentaID, AutoID, ClienteID, EmpleadoID, FechaVenta, PrecioFinal) values (23, 30, 30, 4, '2016-09-18', 45263);
insert into Venta (VentaID, AutoID, ClienteID, EmpleadoID, FechaVenta, PrecioFinal) values (24, 23, 42, 50, '2024-07-01', 57670);
insert into Venta (VentaID, AutoID, ClienteID, EmpleadoID, FechaVenta, PrecioFinal) values (25, 26, 3, 14, '2010-05-20', 48738);
insert into Venta (VentaID, AutoID, ClienteID, EmpleadoID, FechaVenta, PrecioFinal) values (26, 49, 9, 10, '2020-12-04', 36842);
insert into Venta (VentaID, AutoID, ClienteID, EmpleadoID, FechaVenta, PrecioFinal) values (27, 39, 2, 25, '2019-06-20', 65105);
insert into Venta (VentaID, AutoID, ClienteID, EmpleadoID, FechaVenta, PrecioFinal) values (28, 17, 5, 38, '2006-07-07', 52718);
insert into Venta (VentaID, AutoID, ClienteID, EmpleadoID, FechaVenta, PrecioFinal) values (29, 42, 48, 42, '2017-02-25', 33208);
insert into Venta (VentaID, AutoID, ClienteID, EmpleadoID, FechaVenta, PrecioFinal) values (30, 12, 25, 47, '2014-12-13', 54245);
insert into Venta (VentaID, AutoID, ClienteID, EmpleadoID, FechaVenta, PrecioFinal) values (31, 49, 37, 16, '2017-08-22', 39786);
insert into Venta (VentaID, AutoID, ClienteID, EmpleadoID, FechaVenta, PrecioFinal) values (32, 13, 22, 9, '2023-11-08', 45174);
insert into Venta (VentaID, AutoID, ClienteID, EmpleadoID, FechaVenta, PrecioFinal) values (33, 49, 28, 8, '2017-06-22', 39772);
insert into Venta (VentaID, AutoID, ClienteID, EmpleadoID, FechaVenta, PrecioFinal) values (34, 43, 33, 31, '2015-06-03', 60016);
insert into Venta (VentaID, AutoID, ClienteID, EmpleadoID, FechaVenta, PrecioFinal) values (35, 28, 19, 32, '2020-07-16', 30734);
insert into Venta (VentaID, AutoID, ClienteID, EmpleadoID, FechaVenta, PrecioFinal) values (36, 18, 23, 37, '2001-07-14', 56207);
insert into Venta (VentaID, AutoID, ClienteID, EmpleadoID, FechaVenta, PrecioFinal) values (37, 40, 17, 23, '2015-05-09', 58780);
insert into Venta (VentaID, AutoID, ClienteID, EmpleadoID, FechaVenta, PrecioFinal) values (38, 6, 8, 3, '2023-04-18', 45354);
insert into Venta (VentaID, AutoID, ClienteID, EmpleadoID, FechaVenta, PrecioFinal) values (39, 28, 26, 11, '2015-12-31', 48243);
insert into Venta (VentaID, AutoID, ClienteID, EmpleadoID, FechaVenta, PrecioFinal) values (40, 1, 49, 24, '2017-08-01', 62119);
insert into Venta (VentaID, AutoID, ClienteID, EmpleadoID, FechaVenta, PrecioFinal) values (41, 24, 42, 27, '2004-08-30', 54065);
insert into Venta (VentaID, AutoID, ClienteID, EmpleadoID, FechaVenta, PrecioFinal) values (42, 30, 8, 36, '2010-06-03', 32431);
insert into Venta (VentaID, AutoID, ClienteID, EmpleadoID, FechaVenta, PrecioFinal) values (43, 12, 50, 18, '2009-10-17', 39103);
insert into Venta (VentaID, AutoID, ClienteID, EmpleadoID, FechaVenta, PrecioFinal) values (44, 26, 38, 49, '2004-12-05', 56819);
insert into Venta (VentaID, AutoID, ClienteID, EmpleadoID, FechaVenta, PrecioFinal) values (45, 18, 6, 37, '2002-01-01', 56653);
insert into Venta (VentaID, AutoID, ClienteID, EmpleadoID, FechaVenta, PrecioFinal) values (46, 50, 17, 31, '2012-10-31', 30227);
insert into Venta (VentaID, AutoID, ClienteID, EmpleadoID, FechaVenta, PrecioFinal) values (47, 3, 29, 2, '2018-02-17', 51219);
insert into Venta (VentaID, AutoID, ClienteID, EmpleadoID, FechaVenta, PrecioFinal) values (48, 47, 32, 2, '2025-09-22', 41222);
insert into Venta (VentaID, AutoID, ClienteID, EmpleadoID, FechaVenta, PrecioFinal) values (49, 6, 18, 6, '2017-08-17', 40622);
insert into Venta (VentaID, AutoID, ClienteID, EmpleadoID, FechaVenta, PrecioFinal) values (50, 41, 29, 14, '2008-11-30', 37637);

--7 INSERTAMOS DATOS A LA TABLA FOTOSAUTO


insert into FotosAuto (FotoID, AutoID, URLFoto) values (7, 8, 'http://dummyimage.com/245x100.png/5fa2dd/ffffff');
insert into FotosAuto (FotoID, AutoID, URLFoto) values (12, 24, 'http://dummyimage.com/148x100.png/ff4444/ffffff');
insert into FotosAuto (FotoID, AutoID, URLFoto) values (16, 26, 'http://dummyimage.com/163x100.png/ff4444/ffffff');
insert into FotosAuto (FotoID, AutoID, URLFoto) values (17, 5, 'http://dummyimage.com/204x100.png/ff4444/ffffff');
insert into FotosAuto (FotoID, AutoID, URLFoto) values (32, 11, 'http://dummyimage.com/101x100.png/dddddd/000000');
insert into FotosAuto (FotoID, AutoID, URLFoto) values (34, 35, 'http://dummyimage.com/157x100.png/dddddd/000000');
insert into FotosAuto (FotoID, AutoID, URLFoto) values (10, 48, 'http://dummyimage.com/147x100.png/5fa2dd/ffffff');
insert into FotosAuto (FotoID, AutoID, URLFoto) values (38, 25, 'http://dummyimage.com/205x100.png/5fa2dd/ffffff');
insert into FotosAuto (FotoID, AutoID, URLFoto) values (36, 38, 'http://dummyimage.com/249x100.png/cc0000/ffffff');
insert into FotosAuto (FotoID, AutoID, URLFoto) values (3, 40, 'http://dummyimage.com/234x100.png/5fa2dd/ffffff');
insert into FotosAuto (FotoID, AutoID, URLFoto) values (19, 10, 'http://dummyimage.com/146x100.png/cc0000/ffffff');
insert into FotosAuto (FotoID, AutoID, URLFoto) values (40, 5, 'http://dummyimage.com/206x100.png/cc0000/ffffff');
insert into FotosAuto (FotoID, AutoID, URLFoto) values (4, 33, 'http://dummyimage.com/190x100.png/ff4444/ffffff');
insert into FotosAuto (FotoID, AutoID, URLFoto) values (18, 22, 'http://dummyimage.com/157x100.png/ff4444/ffffff');
insert into FotosAuto (FotoID, AutoID, URLFoto) values (25, 28, 'http://dummyimage.com/234x100.png/5fa2dd/ffffff');
insert into FotosAuto (FotoID, AutoID, URLFoto) values (4, 15, 'http://dummyimage.com/239x100.png/dddddd/000000');
insert into FotosAuto (FotoID, AutoID, URLFoto) values (39, 32, 'http://dummyimage.com/168x100.png/dddddd/000000');
insert into FotosAuto (FotoID, AutoID, URLFoto) values (4, 24, 'http://dummyimage.com/160x100.png/cc0000/ffffff');
insert into FotosAuto (FotoID, AutoID, URLFoto) values (44, 45, 'http://dummyimage.com/145x100.png/5fa2dd/ffffff');
insert into FotosAuto (FotoID, AutoID, URLFoto) values (37, 35, 'http://dummyimage.com/148x100.png/5fa2dd/ffffff');
insert into FotosAuto (FotoID, AutoID, URLFoto) values (5, 1, 'http://dummyimage.com/132x100.png/ff4444/ffffff');
insert into FotosAuto (FotoID, AutoID, URLFoto) values (38, 43, 'http://dummyimage.com/218x100.png/ff4444/ffffff');
insert into FotosAuto (FotoID, AutoID, URLFoto) values (28, 24, 'http://dummyimage.com/128x100.png/cc0000/ffffff');
insert into FotosAuto (FotoID, AutoID, URLFoto) values (5, 24, 'http://dummyimage.com/218x100.png/ff4444/ffffff');
insert into FotosAuto (FotoID, AutoID, URLFoto) values (20, 40, 'http://dummyimage.com/110x100.png/cc0000/ffffff');
insert into FotosAuto (FotoID, AutoID, URLFoto) values (34, 18, 'http://dummyimage.com/176x100.png/dddddd/000000');
insert into FotosAuto (FotoID, AutoID, URLFoto) values (5, 38, 'http://dummyimage.com/104x100.png/dddddd/000000');
insert into FotosAuto (FotoID, AutoID, URLFoto) values (34, 23, 'http://dummyimage.com/178x100.png/5fa2dd/ffffff');
insert into FotosAuto (FotoID, AutoID, URLFoto) values (20, 27, 'http://dummyimage.com/247x100.png/ff4444/ffffff');
insert into FotosAuto (FotoID, AutoID, URLFoto) values (2, 36, 'http://dummyimage.com/213x100.png/ff4444/ffffff');
insert into FotosAuto (FotoID, AutoID, URLFoto) values (22, 38, 'http://dummyimage.com/214x100.png/cc0000/ffffff');
insert into FotosAuto (FotoID, AutoID, URLFoto) values (32, 16, 'http://dummyimage.com/110x100.png/5fa2dd/ffffff');
insert into FotosAuto (FotoID, AutoID, URLFoto) values (48, 7, 'http://dummyimage.com/242x100.png/ff4444/ffffff');
insert into FotosAuto (FotoID, AutoID, URLFoto) values (24, 5, 'http://dummyimage.com/163x100.png/cc0000/ffffff');
insert into FotosAuto (FotoID, AutoID, URLFoto) values (2, 24, 'http://dummyimage.com/248x100.png/5fa2dd/ffffff');
insert into FotosAuto (FotoID, AutoID, URLFoto) values (46, 14, 'http://dummyimage.com/198x100.png/5fa2dd/ffffff');
insert into FotosAuto (FotoID, AutoID, URLFoto) values (7, 49, 'http://dummyimage.com/173x100.png/cc0000/ffffff');
insert into FotosAuto (FotoID, AutoID, URLFoto) values (13, 27, 'http://dummyimage.com/203x100.png/dddddd/000000');
insert into FotosAuto (FotoID, AutoID, URLFoto) values (38, 50, 'http://dummyimage.com/182x100.png/dddddd/000000');
insert into FotosAuto (FotoID, AutoID, URLFoto) values (16, 36, 'http://dummyimage.com/208x100.png/5fa2dd/ffffff');
insert into FotosAuto (FotoID, AutoID, URLFoto) values (16, 35, 'http://dummyimage.com/243x100.png/5fa2dd/ffffff');
insert into FotosAuto (FotoID, AutoID, URLFoto) values (16, 3, 'http://dummyimage.com/159x100.png/ff4444/ffffff');
insert into FotosAuto (FotoID, AutoID, URLFoto) values (41, 48, 'http://dummyimage.com/209x100.png/dddddd/000000');
insert into FotosAuto (FotoID, AutoID, URLFoto) values (48, 28, 'http://dummyimage.com/192x100.png/cc0000/ffffff');
insert into FotosAuto (FotoID, AutoID, URLFoto) values (14, 9, 'http://dummyimage.com/239x100.png/5fa2dd/ffffff');
insert into FotosAuto (FotoID, AutoID, URLFoto) values (45, 24, 'http://dummyimage.com/120x100.png/5fa2dd/ffffff');
insert into FotosAuto (FotoID, AutoID, URLFoto) values (2, 23, 'http://dummyimage.com/228x100.png/dddddd/000000');
insert into FotosAuto (FotoID, AutoID, URLFoto) values (31, 44, 'http://dummyimage.com/241x100.png/dddddd/000000');
insert into FotosAuto (FotoID, AutoID, URLFoto) values (39, 41, 'http://dummyimage.com/132x100.png/dddddd/000000');
insert into FotosAuto (FotoID, AutoID, URLFoto) values (42, 3, 'http://dummyimage.com/151x100.png/dddddd/000000');
